Model,AUC,F1,Prec,Rec,MCC,Time_s
GAT(single),0.9930849540609882,0.7432724685603871,0.6661377271541605,0.840610056049814,0.7405227683732549,
HierGeoNet (ours),0.9934208350922834,0.7487075634689097,0.7476382275110205,0.7497799627191588,0.7428372565124806,
GraphSAGE,0.9930405559937686,0.7301232240832496,0.6378787257595014,0.8535572887616922,0.7296097522813612,
GCN,0.992641635695633,0.7244495193542396,0.6378487441731023,0.8382601698867117,0.7227794057214092,
SGCN-LSTM,0.9917776033575425,0.7085389037682728,0.6073187298352861,0.850247332376311,0.7095619895114924,
XGBoost,0.9897379305692818,0.7126564270730354,0.6357450652823885,0.8107381568480437,0.7091471422462614,35.7
RF,0.9864067142666417,0.6972142506064594,0.8261027477894948,0.6031161136357402,0.6990589427295811,267.0
CNN,0.9764310471512521,0.578619708913429,0.4696741683197665,0.753371675185385,0.580966809544366,
LR,0.958891464066053,0.5466972424841225,0.4922352631077984,0.6147101045105013,0.5360525791001199,11.6
